id,female,age,educ,income
1,0,54,15,0.305
1,0,55,15,0.451005
1,0,56,15,0.35
2,1,44,9,0.305
2,1,45,9,0.318278
2,1,46,9,0.35
2,1,48,9,0.35305
3,1,58,11,0.1434
3,1,60,11,0.3
3,1,61,11,0.11
3,1,62,11,0.1
4,1,29,18,0.13
5,0,27,11.8182,0.065
5,0,28,11.8182,0.06
